team_id,round_id,hosp_rmse,hosp_nrmse,r0_rmse,round_score
Team-05,2,0.4,0.037209,0.389752,0.107718
Team-09,2,4.968904,0.462224,0.638473,0.497473
Team-03,2,6.847992,0.637023,0.391344,0.587887
Team-01,2,12.949539,1.204608,0.331749,1.030036
Team-06,2,18.46896,1.718043,0.534462,1.481327
Team-02,2,20.002375,1.860686,0.173638,1.523276
Team-08,2,71.215108,6.624661,1.860282,5.671785
Team-07,2,705.332055,65.612284,1.824473,52.854722
