team_id,round_id,hosp_rmse,hosp_nrmse,r0_rmse,round_score
Team-02,1,0.314141,0.191141,0.177633,0.184387
Team-01,1,0.441687,0.268748,0.111765,0.190257
