team_id,round_id,hosp_rmse,hosp_nrmse,r0_rmse,round_score
Team-02,2,0.074205,0.050728,0.01173,0.031229
Team-01,2,0.077599,0.053048,0.067412,0.06023
