team_id,round_id,hosp_rmse,hosp_nrmse,r0_rmse,round_score
Team-05,1,0.578039,0.044723,0.706947,0.177167
Team-03,1,3.831123,0.296412,0.23,0.283129
Team-01,1,2.424542,0.187585,1.434764,0.437021
Team-02,1,13.464119,1.041711,0.511273,0.935624
Team-09,1,15.269539,1.181396,0.587881,1.062693
Team-08,1,14.477755,1.120136,0.972102,1.090529
Team-06,1,15.72339,1.21651,0.887637,1.150735
