team_id,round_id,hosp_rmse,hosp_nrmse,r0_rmse,round_score
Team-05,3,0.405256,0.054397,0.107222,0.064962
Team-01,3,0.83039,0.111462,0.175536,0.124277
Team-07,3,0.892027,0.119735,0.236749,0.143138
Team-03,3,1.631717,0.219022,0.13537,0.202292
Team-06,3,2.136001,0.286712,0.149416,0.259252
Team-02,3,3.531289,0.473998,0.600687,0.499336
Team-09,3,3.996711,0.536471,0.711191,0.571415
Team-08,3,4.967971,0.666842,0.779294,0.689332
