week,hospitalizations_per_100k,r0
1,0.1,1.835989712
2,0.1,1.802370198
3,0.2,1.769364951
4,0.3,1.736962396
5,0.4,1.705151112
6,0.5,1.67391983
7,0.6,1.643257438
8,0.8,1.61315296
9,1,1.583595585
10,1.3,1.554574672
11,1.515172926,1.526079755
12,1.745444871,1.498100535
13,1.987582356,1.470626924
14,2.243505057,1.44364908
15,2.514504289,1.41715739
