week,hospitalizations_per_100k,r0
1.0,0.1,1.8359897124169293
2.0,0.1,1.8023701975660844
3.0,0.2,1.7693649509264946
4.0,0.3,1.7369623962167715
5.0,0.4,1.7051511116147913
6.0,0.5,1.673919830149482
7.0,0.6,1.6432574379032916
8.0,0.8,1.613152959933703
9.0,1.0,1.5835955851974866
10.0,1.3,1.5545746717776738
11.0,1.515202505715449,1.526079749247466
12.0,1.7455043951697375,1.4981005240767982
13.0,1.9876301528728546,1.4706269186116336
14.0,2.2435189505508117,1.443649079769702
