rank,team_id,challenge_score
1,Team-02,0.015327122455784001
2,Team-01,0.026532959530223943
