team_id,overall_score,challenges_scored
Team-05,0.382523,1
Team-01,0.456615,1
Team-07,0.46551,1
Team-03,0.478924,1
Team-09,0.47898,1
Team-08,0.516615,1
Team-02,0.569111,1
Team-06,0.666109,1
