rank,team_id,challenge_01,challenge_02,overall_score
1,Team-02,0.014103773616842794,0.015327122455784001,0.014715448036313397
2,Team-01,0.023970415083217723,0.026532959530223943,0.02525168730672083
