team_id,overall_score,challenges_scored
Team-07,0.061871,1
Team-01,0.11652,1
Team-05,0.134783,1
Team-08,0.143458,1
Team-03,0.17454,1
Team-06,0.203434,1
Team-02,0.552447,1
Team-09,0.658424,1
