team_id,overall_score,challenges_scored
Team-05,0.251732,2
Team-07,0.331022,2
Team-03,0.378757,2
Team-01,0.528567,2
Team-09,0.603777,2
Team-02,0.750984,2
Team-06,0.847335,2
Team-08,1.560926,2
