team_id,overall_score,challenges_scored
Team-05,0.386849,1
Team-03,0.399744,1
Team-07,0.460731,1
Team-09,0.497027,1
Team-02,0.51589,1
Team-01,0.52669,1
Team-08,0.637971,1
Team-06,0.730898,1
