team_id,overall_score,challenges_scored
Team-05,0.264646,2
Team-07,0.345566,2
Team-03,0.417626,2
Team-01,0.630109,2
Team-09,0.638555,2
Team-02,0.87267,2
Team-06,1.023465,2
Team-08,2.009564,2
