team_id,overall_score,challenges_scored
Team-07,0.201402,1
Team-05,0.231463,1
Team-08,0.231642,1
Team-03,0.248399,1
Team-06,0.278746,1
Team-01,0.279017,1
Team-02,0.359428,1
Team-09,0.599083,1
