team_id,overall_score,challenges_scored
Team-05,0.302258,2
Team-07,0.374896,2
Team-03,0.413818,2
Team-01,0.550657,2
Team-09,0.603303,2
Team-02,0.714081,2
Team-06,0.825284,2
Team-08,1.560926,2
