team_id,overall_score,challenges_scored
Team-05,0.282008,2
Team-03,0.341437,2
Team-07,0.460731,1
Team-01,0.481856,2
Team-02,0.725757,2
Team-09,0.77986,2
Team-08,0.86425,2
Team-06,0.940817,2
