team_name,challenge_round,release_week,hosp_nrmse,r0_nrmse,round_score
team-alpha,1,8,0.006173,0.006561,0.006367
team-beta,1,8,0.036908,0.045455,0.041181
team-alpha,2,16,0.005284,0.006186,0.005735
team-beta,2,16,0.034850,0.037627,0.036239
team-alpha,3,24,0.004577,0.004827,0.004702
team-beta,3,24,0.027650,0.034130,0.030890
