week,hospitalizations_per_100k,r0
1,0.4,1
2,0.4,1
3,0.5,1.25
4,0.4,0.8
5,0.4,1
6,0.4,1
7,0.4,1
8,0.5,1.25
9,1.1,2.2
10,5.5,5
11,18.1,3.290909091
12,27,1.491712707
13,15.566,0.576518519
14,5.343,0.343248105
15,2.904,0.543514879
16,2.651,0.912878788
