week,hospitalizations_per_100k,r0
1,0.4,1
2,0.4,1
3,0.5,1.25
4,0.4,0.8
5,0.4,1
6,0.4,1
7,0.4,1
8,0.5,1.25
9,0.56,1.12
10,0.867,1.548214286
11,1.195,1.378316032
12,1.998,1.671966527
