rank,team_id,challenge_score
1,Team-02,0.014103773616842794
2,Team-01,0.023970415083217723
