week,hospitalizations_per_100k,r0
1,0.4,1.
2,0.4,1
3,0.5,1.25
4,0.4,0.8
5,0.4,1
6,0.4,1
7,0.4,1
8,0.5,1.25
9,1.1,2.2
10,5.5,5
11,18.1,3.290909090909091
12,27,1.4917127071823204
13,15.389999999999999,0.57
14,10.157399999999999,0.66
15,7.618049999999999,0.75
16,10.955826,1.32
