week,hospitalizations_per_100k,r0
1,0.4,1
2,0.4,1
3,0.5,1.25
4,0.4,0.8
5,0.4,1
6,0.4,1
7,0.4,1
8,0.5,1.25
9,1.1,2.2
10,5.5,5
11,18.1,3.290909091
12,27,1.491712707
13,15.3,0.566666667
14,10.1,0.660130719
15,7.6,0.752475248
16,10,1.315789474
17,12.9,1.29
18,8.256,0.64
19,7.4304,0.9
20,3.7152,0.5
