week,hospitalizations_per_100k,r0
1,0.4,1
2,0.4,1
3,0.5,1.25
4,0.4,0.8
5,0.4,1
6,0.4,1
7,0.4,1
8,0.5,1.25
9,1.1,2.2
10,5.5,5
11,18.1,3.290909090909091
12,27,1.4917127071823204
13,59.400000000000006,2.2
14,237.60000000000002,4
15,781.7040000000001,3.29
16,1166.3023680000001,1.492
