team_id,round_id,hosp_rmse,hosp_nrmse,r0_rmse,round_score
Team-09,3,0.743546,0.199878,0.39436,0.238774
Team-05,3,2.932155,0.788214,0.270353,0.684642
Team-01,3,3.424822,0.920651,0.376446,0.81181
Team-03,3,4.064234,1.092536,0.329727,0.939974
Team-02,3,4.398863,1.18249,0.212415,0.988475
Team-07,3,4.228526,1.136701,0.421831,0.993727
Team-08,3,4.564892,1.227121,0.524318,1.086561
Team-06,3,6.53896,1.757785,0.173032,1.440834
